{
  "version": 1,
  "author": "Uri Shaked",
  "editor": "wokwi",
  "parts": [
    { "type": "board-esp32-devkit-c-v4", "id": "esp", "top": -37.58, "left": -96.37, "attrs": {} },
    { "type": "wokwi-dht22", "id": "dht1", "top": -32.2, "left": 40.16, "attrs": {} },
    {
      "type": "wokwi-stepper-motor",
      "id": "stepper1",
      "top": -274.79,
      "left": -287.57,
      "attrs": { "size": "17" }
    },
    { "type": "wokwi-a4988", "id": "drv1", "top": -72, "left": -350.4, "attrs": {} }
  ],
  "connections": [
    [ "esp:TX", "$serialMonitor:RX", "", [] ],
    [ "esp:RX", "$serialMonitor:TX", "", [] ],
    [ "dht1:VCC", "esp:3V3", "red", [ "v109.3", "h-170.36", "v-200.78" ] ],
    [ "dht1:SDA", "esp:15", "green", [ "v0" ] ],
    [ "dht1:GND", "esp:GND.1", "black", [ "v99.7", "h-189.56", "v-66.38" ] ],
    [ "stepper1:A-", "drv1:2B", "green", [ "v0" ] ],
    [ "stepper1:A+", "drv1:2A", "green", [ "v0" ] ],
    [ "stepper1:B+", "drv1:1A", "green", [ "v0" ] ],
    [ "stepper1:B-", "drv1:1B", "green", [ "v0" ] ],
    [ "drv1:DIR", "esp:13", "green", [ "h0", "v96" ] ],
    [ "drv1:SLEEP", "drv1:RESET", "green", [ "h-9.6", "v-9.6" ] ],
    [ "drv1:STEP", "esp:12", "green", [ "h-19.2", "v124.8" ] ],
    [ "esp:3V3", "drv1:VDD", "green", [ "h0" ] ],
    [ "drv1:GND.1", "esp:GND.2", "black", [ "v0.08", "h288.15", "v-9.6" ] ]
  ],
  "dependencies": {}
}